{"cameraMode":{"drawMode":0,"name":"Shaded","section":"Shading Mode"},"sceneLighting":false,"audioPlay":false,"sceneViewState":{"showFog":true,"showMaterialUpdate":false,"showSkybox":false,"showFlares":true,"showImageEffects":true,"showParticleSystems":true},"in2DMode":false,"pivot":{"x":-15.1181640625,"y":1.8400001525878907,"z":11.6463623046875},"rotation":{"x":-0.13859355449676515,"y":-0.6907857656478882,"z":0.13751298189163209,"w":-0.6962046027183533},"size":4.041658401489258,"orthographic":true}