{"cameraMode":{"drawMode":0,"name":"Shaded","section":"Shading Mode"},"sceneLighting":false,"audioPlay":false,"sceneViewState":{"showFog":true,"showMaterialUpdate":false,"showSkybox":false,"showFlares":true,"showImageEffects":true,"showParticleSystems":true},"in2DMode":false,"pivot":{"x":0.0,"y":0.49000000953674319,"z":-0.309999942779541},"rotation":{"x":0.02219229005277157,"y":0.6954494714736939,"z":-0.021491946652531625,"w":0.7179195284843445},"size":9.720447540283204,"orthographic":false}