{"cameraMode":{"drawMode":0,"name":"Shaded","section":"Shading Mode"},"sceneLighting":false,"audioPlay":false,"sceneViewState":{"showFog":true,"showMaterialUpdate":false,"showSkybox":false,"showFlares":true,"showImageEffects":true,"showParticleSystems":true},"in2DMode":false,"pivot":{"x":-7.7520012855529789,"y":0.2900000214576721,"z":-9.5367431640625e-7},"rotation":{"x":0.11069484800100327,"y":0.037260521203279498,"z":-0.004153891000896692,"w":0.993151068687439},"size":22.0,"orthographic":false}