{"cameraMode":{"drawMode":0,"name":"Shaded","section":"Shading Mode"},"sceneLighting":false,"audioPlay":false,"sceneViewState":{"showFog":true,"showMaterialUpdate":false,"showSkybox":false,"showFlares":true,"showImageEffects":true,"showParticleSystems":true},"in2DMode":false,"pivot":{"x":-0.10866083204746247,"y":0.42447882890701296,"z":-0.07377970963716507},"rotation":{"x":-0.04002991318702698,"y":0.8783599138259888,"z":-0.07475357502698899,"w":-0.47043275833129885},"size":3.4802584648132326,"orthographic":false}