{"cameraMode":{"drawMode":0,"name":"Shaded","section":"Shading Mode"},"sceneLighting":false,"audioPlay":false,"sceneViewState":{"showFog":true,"showMaterialUpdate":false,"showSkybox":false,"showFlares":true,"showImageEffects":true,"showParticleSystems":true},"in2DMode":false,"pivot":{"x":0.19337406754493714,"y":-1.1360793113708497,"z":-1.2478933334350587},"rotation":{"x":-0.0058683608658611778,"y":0.9501692652702332,"z":-0.31118905544281008,"w":-0.017953798174858094},"size":14.798501014709473,"orthographic":false}