{"cameraMode":{"drawMode":0,"name":"Shaded","section":"Shading Mode"},"sceneLighting":false,"audioPlay":false,"sceneViewState":{"showFog":true,"showMaterialUpdate":false,"showSkybox":false,"showFlares":true,"showImageEffects":true,"showParticleSystems":true},"in2DMode":false,"pivot":{"x":-1.3654778003692628,"y":12.586051940917969,"z":0.9428863525390625},"rotation":{"x":0.06594742089509964,"y":-0.011973598971962929,"z":0.0007915353053249419,"w":0.997752845287323},"size":151.4498748779297,"orthographic":false}