{"cameraMode":{"drawMode":0,"name":"Shaded","section":"Shading Mode"},"sceneLighting":false,"audioPlay":false,"sceneViewState":{"showFog":true,"showMaterialUpdate":false,"showSkybox":false,"showFlares":true,"showImageEffects":true,"showParticleSystems":true},"in2DMode":false,"pivot":{"x":0.19876313209533692,"y":1.1458762884140015,"z":-0.29786229133605959},"rotation":{"x":-0.07592730224132538,"y":0.8655532598495483,"z":-0.13826121389865876,"w":-0.4753358066082001},"size":4.739264488220215,"orthographic":false}