{"cameraMode":{"drawMode":0,"name":"Shaded","section":"Shading Mode"},"sceneLighting":false,"audioPlay":false,"sceneViewState":{"showFog":true,"showMaterialUpdate":false,"showSkybox":false,"showFlares":true,"showImageEffects":true,"showParticleSystems":true},"in2DMode":false,"pivot":{"x":5.100101470947266,"y":1.8390833139419556,"z":-20.369483947753908},"rotation":{"x":-0.06584250181913376,"y":-0.8003867268562317,"z":0.589108943939209,"w":-0.08945682644844055},"size":21.866914749145509,"orthographic":true}