{"cameraMode":{"drawMode":0,"name":"Shaded","section":"Shading Mode"},"sceneLighting":false,"audioPlay":false,"sceneViewState":{"showFog":true,"showMaterialUpdate":false,"showSkybox":false,"showFlares":true,"showImageEffects":true,"showParticleSystems":true},"in2DMode":false,"pivot":{"x":0.30455249547958376,"y":1.1044824123382569,"z":0.2497340440750122},"rotation":{"x":-0.0968797504901886,"y":0.89742511510849,"z":-0.24634118378162385,"w":-0.3529450297355652},"size":4.941658973693848,"orthographic":false}