{"cameraMode":{"drawMode":0,"name":"Shaded","section":"Shading Mode"},"sceneLighting":false,"audioPlay":false,"sceneViewState":{"showFog":true,"showMaterialUpdate":false,"showSkybox":false,"showFlares":true,"showImageEffects":true,"showParticleSystems":true},"in2DMode":false,"pivot":{"x":-0.47928279638290408,"y":1.5122215747833253,"z":0.04627807438373566},"rotation":{"x":0.016419479623436929,"y":0.8893091678619385,"z":0.0320289321243763,"w":-0.4558902978897095},"size":3.7578835487365724,"orthographic":false}