{"cameraMode":{"drawMode":0,"name":"Shaded","section":"Shading Mode"},"sceneLighting":false,"audioPlay":false,"sceneViewState":{"showFog":true,"showMaterialUpdate":false,"showSkybox":false,"showFlares":true,"showImageEffects":true,"showParticleSystems":true},"in2DMode":false,"pivot":{"x":-0.057743072509765628,"y":0.623654842376709,"z":-0.6711674928665161},"rotation":{"x":0.19590172171592713,"y":0.749855101108551,"z":-0.2538294494152069,"w":0.5787224769592285},"size":11.514364242553711,"orthographic":false}