{"cameraMode":{"drawMode":0,"name":"Shaded","section":"Shading Mode"},"sceneLighting":false,"audioPlay":false,"sceneViewState":{"showFog":true,"showMaterialUpdate":false,"showSkybox":false,"showFlares":true,"showImageEffects":true,"showParticleSystems":true},"in2DMode":false,"pivot":{"x":3.5336499214172365,"y":0.37594515085220339,"z":-2.8600351810455324},"rotation":{"x":-0.20324267446994782,"y":-0.7062664031982422,"z":0.22429117560386659,"w":-0.6399843692779541},"size":4.355867862701416,"orthographic":true}