{"cameraMode":{"drawMode":0,"name":"Shaded","section":"Shading Mode"},"sceneLighting":false,"audioPlay":false,"sceneViewState":{"showFog":true,"showMaterialUpdate":false,"showSkybox":false,"showFlares":true,"showImageEffects":true,"showParticleSystems":true},"in2DMode":false,"pivot":{"x":-3.993586301803589,"y":-1.4560770988464356,"z":-4.188192367553711},"rotation":{"x":-0.08529328554868698,"y":0.9043160676956177,"z":-0.2149847149848938,"w":-0.3587915599346161},"size":12.095974922180176,"orthographic":false}