{"cameraMode":{"drawMode":0,"name":"Shaded","section":"Shading Mode"},"sceneLighting":false,"audioPlay":false,"sceneViewState":{"showFog":true,"showMaterialUpdate":false,"showSkybox":false,"showFlares":true,"showImageEffects":true,"showParticleSystems":true},"in2DMode":false,"pivot":{"x":-3.283336877822876,"y":2.9431569576263429,"z":4.158968448638916},"rotation":{"x":0.10597547888755799,"y":0.8211545944213867,"z":-0.16222183406352998,"w":0.5368441343307495},"size":7.1332550048828129,"orthographic":false}