{"cameraMode":{"drawMode":0,"name":"Shaded","section":"Shading Mode"},"sceneLighting":false,"audioPlay":false,"sceneViewState":{"showFog":true,"showMaterialUpdate":false,"showSkybox":false,"showFlares":true,"showImageEffects":true,"showParticleSystems":true},"in2DMode":false,"pivot":{"x":2.5764403343200685,"y":0.9225841164588928,"z":0.0},"rotation":{"x":-0.0013697490794584156,"y":0.998159646987915,"z":-0.05545448884367943,"w":-0.024849431589245797},"size":5.624313831329346,"orthographic":false}