{"cameraMode":{"drawMode":0,"name":"Shaded","section":"Shading Mode"},"sceneLighting":false,"audioPlay":false,"sceneViewState":{"showFog":true,"showMaterialUpdate":false,"showSkybox":false,"showFlares":true,"showImageEffects":true,"showParticleSystems":true},"in2DMode":false,"pivot":{"x":-4.423232555389404,"y":0.3999967575073242,"z":0.705766499042511},"rotation":{"x":0.28145289421081545,"y":0.5351496934890747,"z":-0.19504165649414063,"w":0.7722423672676086},"size":14.270764350891114,"orthographic":false}