{"cameraMode":{"drawMode":0,"name":"Shaded","section":"Shading Mode"},"sceneLighting":false,"audioPlay":false,"sceneViewState":{"showFog":true,"showMaterialUpdate":false,"showSkybox":false,"showFlares":true,"showImageEffects":true,"showParticleSystems":true},"in2DMode":false,"pivot":{"x":-0.9390394687652588,"y":1.6516098976135255,"z":-0.010396957397460938},"rotation":{"x":-0.06911298632621765,"y":0.8456805348396301,"z":-0.11305660754442215,"w":-0.516986072063446},"size":3.5619430541992189,"orthographic":false}