{"cameraMode":{"drawMode":0,"name":"Shaded","section":"Shading Mode"},"sceneLighting":false,"audioPlay":false,"sceneViewState":{"showFog":true,"showMaterialUpdate":false,"showSkybox":false,"showFlares":true,"showImageEffects":true,"showParticleSystems":true},"in2DMode":false,"pivot":{"x":-0.4820070266723633,"y":1.3630871772766114,"z":-0.2529428005218506},"rotation":{"x":0.056316424161195758,"y":0.7449521422386169,"z":-0.06339513510465622,"w":0.6617164015769959},"size":4.622683525085449,"orthographic":false}