{"cameraMode":{"drawMode":0,"name":"Shaded","section":"Shading Mode"},"sceneLighting":false,"audioPlay":false,"sceneViewState":{"showFog":true,"showMaterialUpdate":false,"showSkybox":false,"showFlares":true,"showImageEffects":true,"showParticleSystems":true},"in2DMode":false,"pivot":{"x":-18.367298126220704,"y":5.70784854888916,"z":-2.4933173656463625},"rotation":{"x":-0.20324267446994782,"y":-0.7062664031982422,"z":0.22429117560386659,"w":-0.6399843692779541},"size":36.74812698364258,"orthographic":true}