{"cameraMode":{"drawMode":0,"name":"Shaded","section":"Shading Mode"},"sceneLighting":false,"audioPlay":false,"sceneViewState":{"showFog":true,"showMaterialUpdate":false,"showSkybox":false,"showFlares":true,"showImageEffects":true,"showParticleSystems":true},"in2DMode":false,"pivot":{"x":-4.317728042602539,"y":8.68739128112793,"z":1.9830474853515626},"rotation":{"x":0.07492171227931977,"y":0.014957255683839322,"z":-0.0011247826041653753,"w":0.99708092212677},"size":127.0420913696289,"orthographic":false}